,alcohol,chlorides,citric acid,density,fixed acidity,free sulfur dioxide,pH,residual sugar,sulphates,total sulfur dioxide,volatile acidity
0,2.128231705849268,-4.422848629194137,0.0,0.9900700000000001,4.6,0.0,2.74,-0.10536051565782628,0.33,0.5831980807826592,0.12
1,2.3192748748833165,-3.1127851927329386,0.3333333333333333,0.9946100000000001,8.366666666666667,1.4255553730053518,3.1633333333333336,0.8433729975365161,0.8866666666666667,0.9669849556333482,0.6066666666666667
2,2.5103180439173647,-1.80272175627174,0.6666666666666666,0.99915,12.133333333333333,2.8511107460107037,3.5866666666666664,1.7921065107308585,1.4433333333333334,1.350771830484037,1.0933333333333333
3,2.7013612129514133,-0.49265831981054176,1.0,1.00369,15.9,4.276666119016055,4.01,2.740840023925201,2.0,1.734558705334726,1.58
